_id,time,temperature,wind_speed,wind_direction,humidity,barometric_pressure,solar_radiation,precipitation
0,2019-01-01 00:59:59,3.1,0.65,64.0,50.0,949.0,0.0,0.0
1,2019-01-01 01:59:59,2.9,0.95,32.0,49.0,949.0,0.0,0.0
2,2019-01-01 02:59:59,3.1,0.87,62.0,46.0,949.0,0.0,0.0
3,2019-01-01 03:59:59,1.9,0.73,75.0,51.0,949.0,0.0,0.0
4,2019-01-01 04:59:59,0.7,0.57,53.0,56.0,949.0,0.0,0.0
5,2019-01-01 05:59:59,0.5,0.57,24.0,53.0,949.0,0.0,0.0
6,2019-01-01 06:59:59,0.0,0.8,345.0,55.0,949.0,0.0,0.0
7,2019-01-01 07:59:59,-0.8,0.85,78.0,60.0,949.0,0.0,0.0
8,2019-01-01 08:59:59,0.0,0.9,34.0,56.0,949.0,10.0,0.0
9,2019-01-01 09:59:59,2.2,0.73,84.0,48.0,950.0,99.0,0.0
10,2019-01-01 10:59:59,3.1,0.85,81.0,47.0,950.0,239.0,0.0
11,2019-01-01 11:59:59,5.5,1.02,83.0,39.0,950.0,362.0,0.0
12,2019-01-01 12:59:59,7.8,0.62,125.0,34.0,950.0,443.0,0.0
13,2019-01-01 13:59:59,10.1,0.45,337.0,31.0,949.0,460.0,0.0
14,2019-01-01 14:59:59,10.4,0.77,146.0,33.0,949.0,420.0,0.0
15,2019-01-01 15:59:59,11.9,0.35,160.0,30.0,949.0,320.0,0.0
16,2019-01-01 16:59:59,10.1,0.98,186.0,35.0,949.0,185.0,0.0
17,2019-01-01 17:59:59,8.5,0.47,186.0,38.0,949.0,38.0,0.0
18,2019-01-01 18:59:59,7.7,0.37,253.0,39.0,949.0,0.0,0.0
19,2019-01-01 19:59:59,7.1,0.43,253.0,43.0,949.0,0.0,0.0
20,2019-01-01 20:59:59,6.6,0.58,277.0,47.0,949.0,0.0,0.0
21,2019-01-01 21:59:59,5.8,0.38,69.0,49.0,949.0,0.0,0.0
22,2019-01-01 22:59:59,4.1,0.67,40.0,54.0,949.0,0.0,0.0
23,2019-01-01 23:59:59,3.4,0.18,333.0,55.0,949.0,0.0,0.0
24,2019-01-02 00:59:59,2.3,0.5,65.0,60.0,949.0,0.0,0.0
25,2019-01-02 01:59:59,1.8,0.95,54.0,61.0,949.0,0.0,0.0
26,2019-01-02 02:59:59,0.9,0.6,13.0,63.0,949.0,0.0,0.0
27,2019-01-02 03:59:59,-0.2,0.73,67.0,69.0,949.0,0.0,0.0
28,2019-01-02 04:59:59,-1.1,1.62,66.0,70.0,948.0,0.0,0.0
29,2019-01-02 05:59:59,-1.6,1.42,69.0,72.0,948.0,0.0,0.0
30,2019-01-02 06:59:59,-0.9,0.48,103.0,68.0,948.0,0.0,0.0
31,2019-01-02 07:59:59,-2.3,2.42,76.0,73.0,948.0,0.0,0.0
32,2019-01-02 08:59:59,-1.4,0.75,32.0,68.0,948.0,11.0,0.0
33,2019-01-02 09:59:59,0.1,1.35,67.0,61.0,948.0,103.0,0.0
34,2019-01-02 10:59:59,1.4,1.4,78.0,55.0,948.0,244.0,0.0
35,2019-01-02 11:59:59,4.2,0.98,73.0,46.0,948.0,366.0,0.0
36,2019-01-02 12:59:59,6.1,0.83,90.0,42.0,948.0,447.0,0.0
37,2019-01-02 13:59:59,9.1,0.47,14.0,33.0,947.0,465.0,0.0
38,2019-01-02 14:59:59,10.6,0.52,14.0,30.0,946.0,418.0,0.0
39,2019-01-02 15:59:59,11.7,0.5,234.0,30.0,946.0,312.0,0.0
40,2019-01-02 16:59:59,11.5,0.57,299.0,29.0,946.0,183.0,0.0
41,2019-01-02 17:59:59,9.9,0.8,263.0,32.0,946.0,40.0,0.0
42,2019-01-02 18:59:59,8.7,0.88,278.0,34.0,946.0,0.0,0.0
43,2019-01-02 19:59:59,8.2,0.53,24.0,36.0,947.0,0.0,0.0
44,2019-01-02 20:59:59,7.4,1.13,53.0,40.0,947.0,0.0,0.0
45,2019-01-02 21:59:59,5.4,2.02,80.0,43.0,947.0,0.0,0.0
46,2019-01-02 22:59:59,4.6,3.48,78.0,45.0,947.0,0.0,0.0
47,2019-01-02 23:59:59,3.9,2.82,62.0,48.0,947.0,0.0,0.0
48,2019-01-03 00:59:59,3.0,2.22,62.0,52.0,947.0,0.0,0.0
49,2019-01-03 01:59:59,2.8,2.53,68.0,52.0,947.0,0.0,0.0
50,2019-01-03 02:59:59,2.0,2.2,54.0,56.0,947.0,0.0,0.0
51,2019-01-03 03:59:59,2.0,2.43,48.0,53.0,947.0,0.0,0.0
52,2019-01-03 04:59:59,1.6,1.9,33.0,51.0,947.0,0.0,0.0
53,2019-01-03 05:59:59,0.6,2.18,57.0,56.0,947.0,0.0,0.0
54,2019-01-03 06:59:59,0.8,2.13,48.0,56.0,947.0,0.0,0.0
55,2019-01-03 07:59:59,0.6,2.17,12.0,51.0,947.0,0.0,0.0
56,2019-01-03 08:59:59,0.5,1.12,59.0,47.0,947.0,10.0,0.0
57,2019-01-03 09:59:59,1.8,1.23,65.0,48.0,948.0,101.0,0.0
58,2019-01-03 10:59:59,3.9,1.02,91.0,43.0,948.0,238.0,0.0
59,2019-01-03 11:59:59,6.1,0.93,84.0,38.0,948.0,362.0,0.0
60,2019-01-03 12:59:59,7.8,1.23,161.0,33.0,947.0,446.0,0.0
61,2019-01-03 13:59:59,8.3,1.33,125.0,32.0,947.0,469.0,0.0
62,2019-01-03 14:59:59,9.9,0.82,142.0,30.0,947.0,434.0,0.0
63,2019-01-03 15:59:59,9.7,1.12,146.0,29.0,947.0,350.0,0.0
64,2019-01-03 16:59:59,9.7,0.77,117.0,32.0,947.0,178.0,0.0
65,2019-01-03 17:59:59,8.6,0.43,36.0,34.0,947.0,22.0,0.0
66,2019-01-03 18:59:59,8.1,0.25,62.0,36.0,947.0,0.0,0.0
67,2019-01-03 19:59:59,7.4,0.5,79.0,37.0,947.0,0.0,0.0
68,2019-01-03 20:59:59,6.0,2.02,74.0,37.0,948.0,0.0,0.0
69,2019-01-03 21:59:59,4.6,1.33,67.0,46.0,948.0,0.0,0.0
70,2019-01-03 22:59:59,3.9,0.83,14.0,50.0,948.0,0.0,0.0
71,2019-01-03 23:59:59,3.4,0.67,67.0,52.0,948.0,0.0,0.0
72,2019-01-04 00:59:59,2.1,0.87,36.0,57.0,948.0,0.0,0.0
73,2019-01-04 01:59:59,1.5,0.77,53.0,61.0,948.0,0.0,0.0
74,2019-01-04 02:59:59,1.0,0.87,14.0,62.0,948.0,0.0,0.0
75,2019-01-04 03:59:59,0.7,0.92,31.0,61.0,948.0,0.0,0.0
76,2019-01-04 04:59:59,0.1,0.65,15.0,63.0,948.0,0.0,0.0
77,2019-01-04 05:59:59,-0.5,0.47,337.0,67.0,947.0,0.0,0.0
78,2019-01-04 06:59:59,-1.0,0.7,67.0,70.0,948.0,0.0,0.0
79,2019-01-04 07:59:59,-0.9,0.23,76.0,69.0,948.0,0.0,0.0
80,2019-01-04 08:59:59,-1.0,0.5,4.0,68.0,948.0,10.0,0.0
81,2019-01-04 09:59:59,1.0,0.78,59.0,59.0,949.0,102.0,0.0
82,2019-01-04 10:59:59,2.7,1.03,41.0,51.0,949.0,240.0,0.0
83,2019-01-04 11:59:59,4.2,0.87,65.0,46.0,949.0,364.0,0.0
84,2019-01-04 12:59:59,7.2,0.45,337.0,38.0,949.0,445.0,0.0
85,2019-01-04 13:59:59,9.4,0.5,225.0,35.0,949.0,463.0,0.0
86,2019-01-04 14:59:59,10.9,0.48,148.0,31.0,948.0,413.0,0.0
87,2019-01-04 15:59:59,11.7,0.28,28.0,30.0,948.0,307.0,0.0
88,2019-01-04 16:59:59,10.5,0.68,216.0,32.0,948.0,183.0,0.0
89,2019-01-04 17:59:59,8.8,0.47,227.0,32.0,949.0,41.0,0.0
90,2019-01-04 18:59:59,6.9,0.4,205.0,39.0,949.0,0.0,0.0
91,2019-01-04 19:59:59,6.2,0.13,254.0,43.0,949.0,0.0,0.0
92,2019-01-04 20:59:59,5.7,0.58,277.0,47.0,949.0,0.0,0.0
93,2019-01-04 21:59:59,4.7,0.92,277.0,52.0,950.0,0.0,0.0
94,2019-01-04 22:59:59,4.1,0.2,32.0,56.0,950.0,0.0,0.0
95,2019-01-04 23:59:59,3.4,0.33,59.0,57.0,950.0,0.0,0.0
96,2019-01-05 00:59:59,1.8,0.57,28.0,57.0,950.0,0.0,0.0
97,2019-01-05 01:59:59,0.1,1.82,69.0,61.0,950.0,0.0,0.0
98,2019-01-05 02:59:59,-0.6,1.65,72.0,62.0,950.0,0.0,0.0
99,2019-01-05 03:59:59,-0.4,0.55,59.0,61.0,950.0,0.0,0.0
100,2019-01-05 04:59:59,-0.3,0.58,61.0,59.0,950.0,0.0,0.0
101,2019-01-05 05:59:59,-0.5,0.6,331.0,59.0,950.0,0.0,0.0
102,2019-01-05 06:59:59,-0.8,0.68,43.0,56.0,950.0,0.0,0.0
103,2019-01-05 07:59:59,-1.5,0.42,5.0,56.0,950.0,0.0,0.0
104,2019-01-05 08:59:59,-1.3,0.52,48.0,56.0,951.0,10.0,0.0
105,2019-01-05 09:59:59,1.0,0.23,13.0,48.0,951.0,98.0,0.0
106,2019-01-05 10:59:59,3.4,0.42,59.0,41.0,951.0,236.0,0.0
107,2019-01-05 11:59:59,4.3,0.92,117.0,37.0,951.0,363.0,0.0
108,2019-01-05 12:59:59,8.0,0.28,146.0,32.0,951.0,440.0,0.0
109,2019-01-05 13:59:59,8.7,0.63,182.0,34.0,950.0,463.0,0.0
110,2019-01-05 14:59:59,9.5,0.68,176.0,33.0,950.0,427.0,0.0
111,2019-01-05 15:59:59,10.6,0.87,223.0,31.0,950.0,330.0,0.0
112,2019-01-05 16:59:59,10.7,0.6,225.0,31.0,950.0,189.0,0.0
113,2019-01-05 17:59:59,9.1,0.45,170.0,35.0,950.0,43.0,0.0
114,2019-01-05 18:59:59,7.1,0.6,248.0,42.0,950.0,0.0,0.0
115,2019-01-05 19:59:59,6.3,0.47,306.0,46.0,950.0,0.0,0.0
116,2019-01-05 20:59:59,5.7,0.32,306.0,50.0,950.0,0.0,0.0
117,2019-01-05 21:59:59,4.1,0.3,149.0,56.0,950.0,0.0,0.0
118,2019-01-05 22:59:59,4.2,0.23,170.0,56.0,950.0,0.0,0.0
119,2019-01-05 23:59:59,2.8,0.45,60.0,59.0,950.0,0.0,0.0
120,2019-01-06 00:59:59,1.5,1.08,67.0,60.0,950.0,0.0,0.0
121,2019-01-06 01:59:59,0.8,1.33,73.0,61.0,950.0,0.0,0.0
122,2019-01-06 02:59:59,1.0,1.08,75.0,58.0,950.0,0.0,0.0
123,2019-01-06 03:59:59,0.3,0.8,71.0,63.0,950.0,0.0,0.0
124,2019-01-06 04:59:59,0.2,0.48,31.0,64.0,949.0,0.0,0.0
125,2019-01-06 05:59:59,-0.8,0.55,84.0,68.0,949.0,0.0,0.0
126,2019-01-06 06:59:59,-1.0,0.57,54.0,60.0,949.0,0.0,0.0
127,2019-01-06 07:59:59,-1.7,1.52,67.0,53.0,949.0,0.0,0.0
128,2019-01-06 08:59:59,-1.4,1.35,32.0,50.0,949.0,11.0,0.0
129,2019-01-06 09:59:59,1.8,0.42,54.0,41.0,949.0,103.0,0.0
130,2019-01-06 10:59:59,4.2,0.4,79.0,41.0,950.0,245.0,0.0
131,2019-01-06 11:59:59,5.7,0.6,246.0,41.0,950.0,367.0,0.0
132,2019-01-06 12:59:59,7.9,0.65,253.0,35.0,949.0,448.0,0.0
133,2019-01-06 13:59:59,10.4,0.8,276.0,27.0,948.0,469.0,0.0
134,2019-01-06 14:59:59,12.5,0.68,223.0,20.0,948.0,428.0,0.0
135,2019-01-06 15:59:59,12.8,1.13,312.0,20.0,948.0,336.0,0.0
136,2019-01-06 16:59:59,13.0,0.92,5.0,19.0,948.0,202.0,0.0
137,2019-01-06 17:59:59,11.9,0.63,19.0,20.0,948.0,48.0,0.0
138,2019-01-06 18:59:59,10.8,1.15,56.0,20.0,948.0,0.0,0.0
139,2019-01-06 19:59:59,9.4,1.6,28.0,20.0,948.0,0.0,0.0
140,2019-01-06 20:59:59,8.2,1.55,31.0,20.0,948.0,0.0,0.0
141,2019-01-06 21:59:59,7.3,1.6,62.0,21.0,948.0,0.0,0.0
142,2019-01-06 22:59:59,6.4,2.55,78.0,23.0,948.0,0.0,0.0
143,2019-01-06 23:59:59,6.7,3.18,78.0,20.0,948.0,0.0,0.0
144,2019-01-07 00:59:59,5.6,1.88,74.0,21.0,948.0,0.0,0.0
145,2019-01-07 01:59:59,5.3,1.55,62.0,21.0,948.0,0.0,0.0
146,2019-01-07 02:59:59,5.0,1.13,28.0,21.0,948.0,0.0,0.0
147,2019-01-07 03:59:59,4.4,1.28,22.0,21.0,948.0,0.0,0.0
148,2019-01-07 04:59:59,4.3,1.27,22.0,20.0,948.0,0.0,0.0
149,2019-01-07 05:59:59,3.5,0.62,14.0,22.0,948.0,0.0,0.0
150,2019-01-07 06:59:59,2.4,0.2,343.0,27.0,948.0,0.0,0.0
151,2019-01-07 07:59:59,2.3,0.23,342.0,29.0,948.0,0.0,0.0
152,2019-01-07 08:59:59,3.0,0.78,209.0,28.0,948.0,10.0,0.0
153,2019-01-07 09:59:59,3.6,0.33,158.0,31.0,948.0,99.0,0.0
154,2019-01-07 10:59:59,7.2,0.23,116.0,26.0,949.0,236.0,0.0
155,2019-01-07 11:59:59,6.8,0.82,307.0,28.0,949.0,365.0,0.0
156,2019-01-07 12:59:59,11.1,0.25,270.0,21.0,948.0,439.0,0.0
157,2019-01-07 13:59:59,10.2,1.25,139.0,23.0,947.0,467.0,0.0
158,2019-01-07 14:59:59,11.5,1.07,59.0,15.0,947.0,437.0,0.0
159,2019-01-07 15:59:59,12.7,0.87,133.0,14.0,947.0,342.0,0.0
160,2019-01-07 16:59:59,13.3,0.75,89.0,15.0,947.0,202.0,0.0
161,2019-01-07 17:59:59,12.0,1.23,54.0,18.0,947.0,50.0,0.0
162,2019-01-07 18:59:59,10.4,1.25,65.0,19.0,948.0,0.0,0.0
163,2019-01-07 19:59:59,9.3,1.37,28.0,22.0,948.0,0.0,0.0
164,2019-01-07 20:59:59,8.4,1.67,54.0,24.0,948.0,0.0,0.0
165,2019-01-07 21:59:59,6.9,1.3,41.0,26.0,948.0,0.0,0.0
166,2019-01-07 22:59:59,5.7,1.95,78.0,28.0,948.0,0.0,0.0
167,2019-01-07 23:59:59,4.5,1.98,62.0,33.0,948.0,0.0,0.0
168,2019-01-08 00:59:59,4.0,1.28,56.0,36.0,948.0,0.0,0.0
169,2019-01-08 01:59:59,3.3,1.22,28.0,39.0,948.0,0.0,0.0
170,2019-01-08 02:59:59,2.5,0.78,35.0,41.0,948.0,0.0,0.0
171,2019-01-08 03:59:59,2.5,1.1,52.0,41.0,948.0,0.0,0.0
172,2019-01-08 04:59:59,2.9,1.47,54.0,40.0,948.0,0.0,0.0
173,2019-01-08 05:59:59,2.0,1.37,54.0,42.0,948.0,0.0,0.0
174,2019-01-08 06:59:59,0.8,0.53,54.0,47.0,948.0,0.0,0.0
175,2019-01-08 07:59:59,-0.4,0.7,73.0,53.0,948.0,0.0,0.0
176,2019-01-08 08:59:59,-0.3,0.4,34.0,54.0,949.0,12.0,0.0
177,2019-01-08 09:59:59,1.7,0.73,78.0,46.0,949.0,101.0,0.0
178,2019-01-08 10:59:59,4.1,0.52,83.0,40.0,949.0,238.0,0.0
179,2019-01-08 11:59:59,5.8,0.83,54.0,33.0,949.0,347.0,0.0
180,2019-01-08 12:59:59,7.8,0.78,46.0,28.0,948.0,449.0,0.0
181,2019-01-08 13:59:59,10.2,0.77,73.0,24.0,948.0,471.0,0.0
182,2019-01-08 14:59:59,12.8,0.47,253.0,21.0,947.0,424.0,0.0
183,2019-01-08 15:59:59,13.1,0.65,308.0,20.0,947.0,328.0,0.0
184,2019-01-08 16:59:59,12.3,1.0,277.0,20.0,946.0,196.0,0.0
185,2019-01-08 17:59:59,10.8,1.05,288.0,23.0,946.0,50.0,0.0
186,2019-01-08 18:59:59,9.2,0.95,274.0,29.0,946.0,0.0,0.0
187,2019-01-08 19:59:59,8.6,0.97,359.0,30.0,946.0,0.0,0.0
188,2019-01-08 20:59:59,7.9,1.07,308.0,33.0,946.0,0.0,0.0
189,2019-01-08 21:59:59,7.0,0.82,175.0,36.0,946.0,0.0,0.0
190,2019-01-08 22:59:59,7.2,1.37,54.0,32.0,946.0,0.0,0.0
191,2019-01-08 23:59:59,6.7,0.77,4.0,34.0,946.0,0.0,0.0
192,2019-01-09 00:59:59,6.0,1.17,67.0,38.0,946.0,0.0,0.0
193,2019-01-09 01:59:59,4.0,0.67,89.0,44.0,945.0,0.0,0.0
194,2019-01-09 02:59:59,3.3,1.3,59.0,44.0,945.0,0.0,0.0
195,2019-01-09 03:59:59,3.4,1.18,72.0,45.0,945.0,0.0,0.0
196,2019-01-09 04:59:59,2.7,0.35,88.0,50.0,945.0,0.0,0.0
197,2019-01-09 05:59:59,1.9,1.42,96.0,55.0,944.0,0.0,0.0
198,2019-01-09 06:59:59,2.0,2.57,79.0,67.0,944.0,0.0,0.0
199,2019-01-09 07:59:59,1.4,1.07,85.0,70.0,944.0,0.0,0.0
200,2019-01-09 08:59:59,1.8,0.68,67.0,70.0,944.0,10.0,0.0
201,2019-01-09 09:59:59,3.9,1.75,78.0,61.0,945.0,103.0,0.0
202,2019-01-09 10:59:59,4.3,1.98,96.0,59.0,945.0,242.0,0.0
203,2019-01-09 11:59:59,6.1,1.1,90.0,52.0,944.0,365.0,0.0
204,2019-01-09 12:59:59,8.8,0.83,28.0,45.0,944.0,435.0,0.0
205,2019-01-09 13:59:59,9.5,1.18,237.0,43.0,943.0,452.0,0.0
206,2019-01-09 14:59:59,11.3,1.4,337.0,35.0,942.0,430.0,0.0
207,2019-01-09 15:59:59,10.8,2.87,62.0,31.0,942.0,326.0,0.0
208,2019-01-09 16:59:59,10.2,3.27,78.0,33.0,942.0,251.0,0.0
209,2019-01-09 17:59:59,9.0,3.48,62.0,35.0,941.0,72.0,0.0
210,2019-01-09 18:59:59,7.2,2.55,62.0,40.0,941.0,0.0,0.0
211,2019-01-09 19:59:59,5.8,1.57,29.0,46.0,941.0,0.0,0.0
212,2019-01-09 20:59:59,5.0,1.8,39.0,49.0,941.0,0.0,0.0
213,2019-01-09 21:59:59,4.3,1.58,344.0,50.0,941.0,0.0,0.0
214,2019-01-09 22:59:59,3.3,2.68,78.0,55.0,942.0,0.0,0.0
215,2019-01-09 23:59:59,2.5,2.45,62.0,57.0,942.0,0.0,0.0
216,2019-01-10 00:59:59,1.4,1.67,83.0,60.0,942.0,0.0,0.0
217,2019-01-10 01:59:59,0.6,2.28,78.0,63.0,942.0,0.0,0.0
218,2019-01-10 02:59:59,0.9,1.22,67.0,59.0,941.0,0.0,0.0
219,2019-01-10 03:59:59,0.8,0.83,67.0,59.0,941.0,0.0,0.0
220,2019-01-10 04:59:59,0.6,0.73,43.0,59.0,941.0,0.0,0.0
221,2019-01-10 05:59:59,0.0,0.2,289.0,63.0,941.0,0.0,0.0
222,2019-01-10 06:59:59,-0.3,0.27,344.0,65.0,941.0,0.0,0.0
223,2019-01-10 07:59:59,-0.3,1.82,28.0,66.0,941.0,0.0,0.0
224,2019-01-10 08:59:59,-0.4,2.0,59.0,65.0,942.0,10.0,0.0
225,2019-01-10 09:59:59,0.6,2.0,73.0,61.0,942.0,104.0,0.0
226,2019-01-10 10:59:59,1.6,2.98,53.0,56.0,943.0,235.0,0.0
227,2019-01-10 11:59:59,2.7,3.45,67.0,52.0,943.0,368.0,0.0
228,2019-01-10 12:59:59,3.9,2.93,70.0,46.0,943.0,454.0,0.0
229,2019-01-10 13:59:59,4.9,3.02,62.0,42.0,942.0,486.0,0.0
230,2019-01-10 14:59:59,5.4,3.3,105.0,39.0,942.0,454.0,0.0
231,2019-01-10 15:59:59,5.7,3.1,83.0,33.0,942.0,359.0,0.0
232,2019-01-10 16:59:59,5.7,2.32,78.0,32.0,942.0,218.0,0.0
233,2019-01-10 17:59:59,4.7,2.55,28.0,35.0,942.0,61.0,0.0
234,2019-01-10 18:59:59,3.2,2.33,32.0,41.0,942.0,0.0,0.0
235,2019-01-10 19:59:59,1.8,3.07,31.0,46.0,942.0,0.0,0.0
236,2019-01-10 20:59:59,1.0,3.07,32.0,50.0,943.0,0.0,0.0
237,2019-01-10 21:59:59,0.2,3.2,37.0,53.0,943.0,0.0,0.0
238,2019-01-10 22:59:59,-0.3,2.27,59.0,51.0,943.0,0.0,0.0
239,2019-01-10 23:59:59,-0.9,2.35,65.0,49.0,944.0,0.0,0.0
240,2019-01-11 00:59:59,-1.9,2.48,71.0,54.0,944.0,0.0,0.0
241,2019-01-11 01:59:59,-2.0,1.35,53.0,53.0,944.0,0.0,0.0
242,2019-01-11 02:59:59,-1.8,1.28,39.0,49.0,944.0,0.0,0.0
243,2019-01-11 03:59:59,-2.1,1.27,83.0,46.0,944.0,0.0,0.0
244,2019-01-11 04:59:59,-2.0,0.78,31.0,44.0,944.0,0.0,0.0
245,2019-01-11 05:59:59,-2.4,0.28,125.0,44.0,944.0,0.0,0.0
246,2019-01-11 06:59:59,-3.4,0.25,139.0,53.0,944.0,0.0,0.0
247,2019-01-11 07:59:59,-3.4,0.38,133.0,52.0,944.0,0.0,0.0
248,2019-01-11 08:59:59,-2.6,0.63,132.0,46.0,945.0,10.0,0.0
249,2019-01-11 09:59:59,-0.4,0.93,89.0,39.0,945.0,104.0,0.0
250,2019-01-11 10:59:59,0.6,1.2,72.0,40.0,946.0,242.0,0.0
251,2019-01-11 11:59:59,1.0,1.67,113.0,37.0,946.0,366.0,0.0
252,2019-01-11 12:59:59,2.4,1.0,184.0,36.0,946.0,444.0,0.0
253,2019-01-11 13:59:59,4.1,0.75,308.0,33.0,946.0,465.0,0.0
254,2019-01-11 14:59:59,5.1,1.03,292.0,31.0,946.0,428.0,0.0
255,2019-01-11 15:59:59,5.2,1.45,337.0,32.0,945.0,334.0,0.0
256,2019-01-11 16:59:59,5.8,0.7,78.0,31.0,945.0,205.0,0.0
257,2019-01-11 17:59:59,4.7,0.82,0.0,34.0,946.0,57.0,0.0
258,2019-01-11 18:59:59,3.9,0.57,316.0,37.0,946.0,0.0,0.0
259,2019-01-11 19:59:59,3.5,0.72,277.0,40.0,946.0,0.0,0.0
260,2019-01-11 20:59:59,3.0,0.53,274.0,42.0,946.0,0.0,0.0
261,2019-01-11 21:59:59,2.5,0.63,48.0,45.0,947.0,0.0,0.0
262,2019-01-11 22:59:59,1.6,1.37,26.0,52.0,947.0,0.0,0.0
263,2019-01-11 23:59:59,1.3,0.47,57.0,53.0,947.0,0.0,0.0
264,2019-01-12 00:59:59,0.4,0.62,291.0,56.0,947.0,0.0,0.0
265,2019-01-12 01:59:59,0.0,0.08,158.0,54.0,947.0,0.0,0.0
266,2019-01-12 02:59:59,0.3,0.55,68.0,56.0,947.0,0.0,0.0
267,2019-01-12 03:59:59,0.0,0.37,54.0,58.0,947.0,0.0,0.0
268,2019-01-12 04:59:59,-1.1,0.32,316.0,65.0,948.0,0.0,0.0
269,2019-01-12 05:59:59,-0.5,0.55,20.0,63.0,947.0,0.0,0.0
270,2019-01-12 06:59:59,-0.4,0.5,62.0,63.0,947.0,0.0,0.0
271,2019-01-12 07:59:59,-1.6,0.27,12.0,67.0,947.0,0.0,0.0
272,2019-01-12 08:59:59,-1.8,0.73,15.0,68.0,948.0,9.0,0.0
273,2019-01-12 09:59:59,-0.4,0.9,67.0,63.0,948.0,96.0,0.0
274,2019-01-12 10:59:59,2.4,0.98,48.0,55.0,948.0,242.0,0.0
275,2019-01-12 11:59:59,2.6,2.4,59.0,56.0,948.0,371.0,0.0
276,2019-01-12 12:59:59,5.0,1.1,78.0,50.0,948.0,454.0,0.0
277,2019-01-12 13:59:59,6.8,0.92,90.0,44.0,948.0,478.0,0.0
278,2019-01-12 14:59:59,7.1,1.25,78.0,43.0,947.0,447.0,0.0
279,2019-01-12 15:59:59,8.4,0.92,308.0,40.0,947.0,352.0,0.0
280,2019-01-12 16:59:59,8.4,0.75,6.0,39.0,947.0,209.0,0.0
281,2019-01-12 17:59:59,7.1,0.68,263.0,42.0,947.0,58.0,0.0
282,2019-01-12 18:59:59,5.3,1.48,280.0,46.0,947.0,0.0,0.0
283,2019-01-12 19:59:59,4.7,1.52,292.0,50.0,948.0,0.0,0.0
284,2019-01-12 20:59:59,4.2,0.92,15.0,52.0,948.0,0.0,0.0
285,2019-01-12 21:59:59,3.6,0.2,223.0,54.0,948.0,0.0,0.0
286,2019-01-12 22:59:59,3.3,0.28,13.0,56.0,948.0,0.0,0.0
287,2019-01-12 23:59:59,3.0,0.45,67.0,59.0,948.0,0.0,0.0
288,2019-01-13 00:59:59,2.1,0.8,28.0,64.0,948.0,0.0,0.0
289,2019-01-13 01:59:59,0.9,0.3,31.0,68.0,948.0,0.0,0.0
290,2019-01-13 02:59:59,0.1,0.65,122.0,70.0,948.0,0.0,0.0
291,2019-01-13 03:59:59,-1.0,1.2,74.0,73.0,948.0,0.0,0.0
292,2019-01-13 04:59:59,-0.9,0.4,8.0,74.0,947.0,0.0,0.0
293,2019-01-13 05:59:59,-1.9,0.92,62.0,78.0,947.0,0.0,0.0
294,2019-01-13 06:59:59,-2.8,2.07,73.0,81.0,947.0,0.0,0.0
295,2019-01-13 07:59:59,-2.8,0.67,80.0,81.0,947.0,0.0,0.0
296,2019-01-13 08:59:59,-2.3,1.18,83.0,78.0,947.0,13.0,0.0
297,2019-01-13 09:59:59,-0.7,1.0,83.0,70.0,948.0,87.0,0.0
298,2019-01-13 10:59:59,1.6,0.27,337.0,60.0,948.0,200.0,0.0
299,2019-01-13 11:59:59,4.3,0.53,344.0,52.0,948.0,365.0,0.0
300,2019-01-13 12:59:59,4.8,0.62,160.0,52.0,948.0,451.0,0.0
301,2019-01-13 13:59:59,6.3,0.8,253.0,48.0,947.0,471.0,0.0
302,2019-01-13 14:59:59,7.8,0.7,243.0,43.0,946.0,435.0,0.0
303,2019-01-13 15:59:59,9.3,0.65,254.0,37.0,946.0,345.0,0.0
304,2019-01-13 16:59:59,9.8,0.8,265.0,37.0,946.0,210.0,0.0
305,2019-01-13 17:59:59,8.5,0.98,262.0,41.0,946.0,61.0,0.0
306,2019-01-13 18:59:59,6.8,1.48,275.0,47.0,946.0,0.0,0.0
307,2019-01-13 19:59:59,5.8,1.97,284.0,53.0,946.0,0.0,0.0
308,2019-01-13 20:59:59,4.9,0.77,284.0,59.0,946.0,0.0,0.0
309,2019-01-13 21:59:59,4.7,0.1,36.0,60.0,946.0,0.0,0.0
310,2019-01-13 22:59:59,3.9,0.38,274.0,64.0,946.0,0.0,0.0
311,2019-01-13 23:59:59,3.8,0.87,278.0,64.0,946.0,0.0,0.0
312,2019-01-14 00:59:59,2.7,0.6,29.0,66.0,945.0,0.0,0.0
313,2019-01-14 01:59:59,0.8,1.75,90.0,67.0,945.0,0.0,0.0
314,2019-01-14 02:59:59,0.6,0.9,67.0,68.0,945.0,0.0,0.0
315,2019-01-14 03:59:59,0.7,0.4,88.0,68.0,945.0,0.0,0.0
316,2019-01-14 04:59:59,0.1,0.98,289.0,72.0,945.0,0.0,0.0
317,2019-01-14 05:59:59,0.0,0.75,62.0,73.0,945.0,0.0,0.0
318,2019-01-14 06:59:59,-0.6,1.13,65.0,75.0,945.0,0.0,0.0
319,2019-01-14 07:59:59,-0.1,0.78,66.0,74.0,945.0,0.0,0.0
320,2019-01-14 08:59:59,0.3,0.38,13.0,71.0,945.0,12.0,0.0
321,2019-01-14 09:59:59,2.5,0.42,84.0,62.0,945.0,106.0,0.0
322,2019-01-14 10:59:59,5.9,0.1,234.0,51.0,945.0,235.0,0.0
323,2019-01-14 11:59:59,6.0,0.73,181.0,52.0,945.0,356.0,0.0
324,2019-01-14 12:59:59,7.9,0.63,135.0,47.0,944.0,441.0,0.0
325,2019-01-14 13:59:59,9.4,0.82,167.0,44.0,944.0,469.0,0.0
326,2019-01-14 14:59:59,10.0,1.02,182.0,43.0,943.0,439.0,0.0
327,2019-01-14 15:59:59,11.1,0.77,127.0,40.0,943.0,349.0,0.0
328,2019-01-14 16:59:59,11.6,0.52,132.0,38.0,943.0,209.0,0.0
329,2019-01-14 17:59:59,11.3,0.47,246.0,39.0,943.0,60.0,0.0
330,2019-01-14 18:59:59,9.0,1.07,284.0,47.0,943.0,0.0,0.0
331,2019-01-14 19:59:59,8.7,1.03,287.0,49.0,943.0,0.0,0.0
332,2019-01-14 20:59:59,8.1,0.78,59.0,52.0,943.0,0.0,0.0
333,2019-01-14 21:59:59,6.7,1.67,48.0,55.0,943.0,0.0,0.0
334,2019-01-14 22:59:59,6.2,1.15,12.0,54.0,943.0,0.0,0.0
335,2019-01-14 23:59:59,4.9,1.3,12.0,57.0,943.0,0.0,0.0
336,2019-01-15 00:59:59,4.1,0.85,42.0,55.0,943.0,0.0,0.0
337,2019-01-15 01:59:59,3.0,0.62,78.0,58.0,943.0,0.0,0.0
338,2019-01-15 02:59:59,2.9,1.3,78.0,58.0,943.0,0.0,0.0
339,2019-01-15 03:59:59,3.1,2.4,59.0,61.0,943.0,0.0,0.0
340,2019-01-15 04:59:59,3.1,3.13,21.0,59.0,942.0,0.0,0.0
341,2019-01-15 05:59:59,2.4,3.13,32.0,62.0,942.0,0.0,0.0
342,2019-01-15 06:59:59,1.8,3.2,53.0,65.0,942.0,0.0,0.0
343,2019-01-15 07:59:59,1.5,2.58,62.0,66.0,942.0,0.0,0.0
344,2019-01-15 08:59:59,1.1,1.63,51.0,67.0,943.0,13.0,0.0
345,2019-01-15 09:59:59,2.2,1.95,30.0,57.0,943.0,112.0,0.0
346,2019-01-15 10:59:59,3.5,2.2,38.0,54.0,943.0,253.0,0.0
347,2019-01-15 11:59:59,5.5,1.23,31.0,49.0,943.0,379.0,0.0
348,2019-01-15 12:59:59,8.3,0.62,1.0,42.0,943.0,463.0,0.0
349,2019-01-15 13:59:59,10.6,0.63,103.0,36.0,942.0,485.0,0.0
350,2019-01-15 14:59:59,10.2,0.92,139.0,35.0,942.0,454.0,0.0
351,2019-01-15 15:59:59,10.6,1.03,116.0,35.0,941.0,363.0,0.0
352,2019-01-15 16:59:59,11.0,0.57,213.0,35.0,941.0,222.0,0.0
353,2019-01-15 17:59:59,10.2,0.45,263.0,37.0,941.0,56.0,0.0
354,2019-01-15 18:59:59,8.6,0.65,244.0,42.0,941.0,0.0,0.0
355,2019-01-15 19:59:59,7.5,0.25,147.0,48.0,942.0,0.0,0.0
356,2019-01-15 20:59:59,7.2,0.3,237.0,49.0,942.0,0.0,0.0
357,2019-01-15 21:59:59,6.4,0.38,306.0,52.0,942.0,0.0,0.0
358,2019-01-15 22:59:59,5.9,0.33,343.0,51.0,942.0,0.0,0.0
359,2019-01-15 23:59:59,4.2,0.6,59.0,55.0,942.0,0.0,0.0
360,2019-01-16 00:59:59,3.2,0.2,254.0,58.0,942.0,0.0,0.0
361,2019-01-16 01:59:59,2.6,0.52,48.0,62.0,942.0,0.0,0.0
362,2019-01-16 02:59:59,2.4,0.53,65.0,64.0,942.0,0.0,0.0
363,2019-01-16 03:59:59,0.6,1.27,68.0,71.0,941.0,0.0,0.0
364,2019-01-16 04:59:59,0.1,0.98,67.0,73.0,941.0,0.0,0.0
365,2019-01-16 05:59:59,0.4,0.33,88.0,72.0,941.0,0.0,0.0
366,2019-01-16 06:59:59,-0.2,0.68,88.0,75.0,941.0,0.0,0.0
367,2019-01-16 07:59:59,-0.6,0.62,59.0,76.0,941.0,0.0,0.0
368,2019-01-16 08:59:59,-0.7,1.0,78.0,77.0,941.0,13.0,0.0
369,2019-01-16 09:59:59,0.0,1.15,80.0,73.0,941.0,107.0,0.0
370,2019-01-16 10:59:59,1.4,1.4,78.0,68.0,942.0,244.0,0.0
371,2019-01-16 11:59:59,3.3,1.02,104.0,62.0,942.0,368.0,0.0
372,2019-01-16 12:59:59,5.6,0.88,225.0,55.0,941.0,447.0,0.0
373,2019-01-16 13:59:59,6.3,1.03,200.0,54.0,941.0,456.0,0.0
374,2019-01-16 14:59:59,7.0,1.92,237.0,52.0,940.0,436.0,0.0
375,2019-01-16 15:59:59,7.7,2.22,245.0,52.0,940.0,346.0,0.0
376,2019-01-16 16:59:59,7.2,2.68,263.0,57.0,940.0,208.0,0.0
377,2019-01-16 17:59:59,5.7,2.6,262.0,65.0,940.0,54.0,0.0
378,2019-01-16 18:59:59,4.4,1.9,266.0,74.0,940.0,1.0,0.0
379,2019-01-16 19:59:59,3.3,2.28,278.0,79.0,940.0,0.0,0.0
380,2019-01-16 20:59:59,2.5,1.42,258.0,82.0,940.0,0.0,0.0
381,2019-01-16 21:59:59,2.0,1.15,235.0,84.0,940.0,0.0,0.0
382,2019-01-16 22:59:59,1.1,1.32,185.0,89.0,940.0,1.0,0.0
383,2019-01-16 23:59:59,0.5,0.7,184.0,92.0,941.0,1.0,0.0
384,2019-01-17 00:59:59,0.4,0.63,137.0,92.0,940.0,1.0,0.0
385,2019-01-17 01:59:59,0.5,0.25,116.0,92.0,940.0,1.0,0.0
386,2019-01-17 02:59:59,0.2,1.23,78.0,92.0,940.0,2.0,0.0
387,2019-01-17 03:59:59,0.0,1.13,78.0,93.0,940.0,2.0,0.0
388,2019-01-17 04:59:59,0.1,1.15,67.0,92.0,940.0,2.0,0.0
389,2019-01-17 05:59:59,0.0,0.82,84.0,94.0,940.0,2.0,0.0
390,2019-01-17 06:59:59,0.1,0.83,25.0,94.0,940.0,2.0,0.0
391,2019-01-17 07:59:59,0.3,0.98,53.0,92.0,940.0,2.0,0.0
392,2019-01-17 08:59:59,0.2,0.65,74.0,92.0,940.0,8.0,0.0
393,2019-01-17 09:59:59,0.5,0.75,87.0,90.0,941.0,53.0,0.0
394,2019-01-17 10:59:59,1.4,0.35,80.0,85.0,941.0,79.0,0.0
395,2019-01-17 11:59:59,1.1,0.98,78.0,86.0,941.0,98.0,0.0
396,2019-01-17 12:59:59,1.8,0.67,84.0,82.0,941.0,148.0,0.0
397,2019-01-17 13:59:59,2.7,0.35,182.0,80.0,941.0,156.0,0.0
398,2019-01-17 14:59:59,4.6,0.4,15.0,70.0,940.0,264.0,0.0
399,2019-01-17 15:59:59,4.6,0.88,83.0,68.0,940.0,189.0,0.0
400,2019-01-17 16:59:59,4.6,0.88,41.0,68.0,940.0,114.0,0.0
401,2019-01-17 17:59:59,4.5,0.18,22.0,69.0,940.0,26.0,0.0
402,2019-01-17 18:59:59,4.2,0.4,347.0,70.0,941.0,1.0,0.0
403,2019-01-17 19:59:59,4.0,0.47,358.0,70.0,941.0,0.0,0.0
404,2019-01-17 20:59:59,3.6,0.98,12.0,64.0,941.0,0.0,0.0
405,2019-01-17 21:59:59,3.0,1.0,62.0,60.0,942.0,0.0,0.0
406,2019-01-17 22:59:59,2.0,1.17,67.0,64.0,942.0,0.0,0.0
407,2019-01-17 23:59:59,1.2,1.25,65.0,66.0,942.0,0.0,0.0
408,2019-01-18 00:59:59,1.0,1.03,65.0,65.0,942.0,0.0,0.0
409,2019-01-18 01:59:59,0.2,1.18,74.0,67.0,942.0,0.0,0.0
410,2019-01-18 02:59:59,0.1,0.5,359.0,68.0,942.0,0.0,0.0
411,2019-01-18 03:59:59,-0.1,0.5,343.0,72.0,942.0,0.0,0.0
412,2019-01-18 04:59:59,-0.3,0.47,81.0,70.0,942.0,0.0,0.0
413,2019-01-18 05:59:59,-0.9,0.77,54.0,72.0,941.0,0.0,0.0
414,2019-01-18 06:59:59,-1.7,0.13,4.0,76.0,941.0,0.0,0.0
415,2019-01-18 07:59:59,-1.7,0.43,81.0,76.0,941.0,0.0,0.0
416,2019-01-18 08:59:59,-2.2,0.28,97.0,78.0,942.0,13.0,0.0
417,2019-01-18 09:59:59,-1.3,0.52,78.0,72.0,942.0,85.0,0.0
418,2019-01-18 10:59:59,-0.4,0.03,56.0,68.0,942.0,130.0,0.0
419,2019-01-18 11:59:59,0.5,0.75,146.0,65.0,942.0,214.0,0.0
420,2019-01-18 12:59:59,1.6,0.62,146.0,62.0,942.0,273.0,0.0
421,2019-01-18 13:59:59,2.5,1.2,234.0,60.0,941.0,278.0,0.0
422,2019-01-18 14:59:59,3.9,1.55,186.0,56.0,941.0,387.0,0.0
423,2019-01-18 15:59:59,4.4,1.92,249.0,52.0,940.0,227.0,0.0
424,2019-01-18 16:59:59,4.4,2.25,243.0,52.0,940.0,137.0,0.0
425,2019-01-18 17:59:59,3.8,2.38,247.0,55.0,940.0,40.0,0.0
426,2019-01-18 18:59:59,3.2,1.97,244.0,57.0,940.0,2.0,0.0
427,2019-01-18 19:59:59,2.7,1.48,254.0,61.0,940.0,0.0,0.0
428,2019-01-18 20:59:59,2.3,1.13,249.0,63.0,940.0,0.0,0.0
429,2019-01-18 21:59:59,1.5,1.02,260.0,69.0,940.0,0.0,0.0
430,2019-01-18 22:59:59,0.9,1.33,263.0,72.0,940.0,0.0,0.0
431,2019-01-18 23:59:59,0.6,0.85,281.0,73.0,940.0,0.0,0.0
432,2019-01-19 00:59:59,0.4,0.2,352.0,73.0,940.0,0.0,0.0
433,2019-01-19 01:59:59,-0.2,0.47,90.0,77.0,940.0,0.0,0.0
434,2019-01-19 02:59:59,-0.8,0.07,138.0,80.0,940.0,0.0,0.0
435,2019-01-19 03:59:59,-1.4,0.4,254.0,82.0,940.0,0.0,0.0
436,2019-01-19 04:59:59,-2.1,0.62,257.0,83.0,940.0,0.0,0.0
437,2019-01-19 05:59:59,-2.0,0.18,306.0,84.0,940.0,0.0,0.0
438,2019-01-19 06:59:59,-2.8,0.28,132.0,88.0,939.0,0.0,0.0
439,2019-01-19 07:59:59,-3.1,0.47,122.0,89.0,940.0,0.0,0.0
440,2019-01-19 08:59:59,-3.0,0.4,106.0,89.0,940.0,27.0,0.0
441,2019-01-19 09:59:59,-2.0,0.42,78.0,82.0,940.0,75.0,0.0
442,2019-01-19 10:59:59,-1.9,0.97,139.0,85.0,940.0,182.0,0.0
443,2019-01-19 11:59:59,-2.2,0.73,142.0,96.0,940.0,116.0,0.0
444,2019-01-19 12:59:59,-1.0,0.97,160.0,91.0,940.0,199.0,0.0
445,2019-01-19 13:59:59,1.0,0.63,209.0,78.0,939.0,246.0,0.0
446,2019-01-19 14:59:59,1.0,1.67,245.0,83.0,938.0,119.0,0.2
447,2019-01-19 15:59:59,0.4,1.85,233.0,88.0,938.0,78.0,0.9
448,2019-01-19 16:59:59,0.4,1.3,245.0,92.0,937.0,37.0,0.3
449,2019-01-19 17:59:59,0.5,1.45,239.0,94.0,937.0,8.0,0.4
450,2019-01-19 18:59:59,0.6,1.2,205.0,97.0,936.0,2.0,1.3
451,2019-01-19 19:59:59,0.4,1.5,248.0,98.0,936.0,1.0,1.2
452,2019-01-19 20:59:59,0.5,1.23,225.0,99.0,936.0,2.0,0.5
453,2019-01-19 21:59:59,0.5,1.08,213.0,99.0,935.0,2.0,0.0
454,2019-01-19 22:59:59,0.2,0.98,175.0,100.0,935.0,2.0,0.0
455,2019-01-19 23:59:59,0.3,0.92,179.0,100.0,935.0,2.0,0.0
456,2019-01-20 00:59:59,0.6,0.52,213.0,100.0,935.0,2.0,0.4
457,2019-01-20 01:59:59,0.8,0.47,175.0,100.0,934.0,2.0,0.4
458,2019-01-20 02:59:59,1.0,0.13,237.0,100.0,934.0,2.0,0.8
459,2019-01-20 03:59:59,0.3,0.53,27.0,100.0,934.0,1.0,0.2
460,2019-01-20 04:59:59,0.1,1.05,74.0,100.0,934.0,1.0,0.0
461,2019-01-20 05:59:59,0.3,0.88,17.0,100.0,934.0,2.0,0.0
462,2019-01-20 06:59:59,0.2,0.75,343.0,99.0,934.0,2.0,0.0
463,2019-01-20 07:59:59,0.5,0.8,1.0,95.0,935.0,1.0,0.0
464,2019-01-20 08:59:59,1.4,1.85,53.0,87.0,936.0,16.0,0.0
465,2019-01-20 09:59:59,2.5,1.13,319.0,80.0,936.0,112.0,0.0
466,2019-01-20 10:59:59,3.9,2.83,358.0,69.0,937.0,236.0,0.0
467,2019-01-20 11:59:59,4.8,3.5,345.0,57.0,938.0,363.0,0.0
468,2019-01-20 12:59:59,5.7,4.25,5.0,52.0,938.0,497.0,0.0
469,2019-01-20 13:59:59,6.1,4.2,1.0,50.0,938.0,532.0,0.0
470,2019-01-20 14:59:59,6.4,3.57,4.0,52.0,938.0,500.0,0.0
471,2019-01-20 15:59:59,6.1,2.85,358.0,51.0,938.0,273.0,0.0
472,2019-01-20 16:59:59,6.7,2.9,2.0,46.0,938.0,265.0,0.0
473,2019-01-20 17:59:59,6.1,1.93,359.0,48.0,939.0,58.0,0.0
474,2019-01-20 18:59:59,4.7,0.87,53.0,56.0,939.0,1.0,0.0
475,2019-01-20 19:59:59,4.1,1.4,74.0,60.0,939.0,0.0,0.0
476,2019-01-20 20:59:59,3.9,1.5,31.0,59.0,940.0,0.0,0.0
477,2019-01-20 21:59:59,3.0,1.67,54.0,64.0,940.0,0.0,0.0
478,2019-01-20 22:59:59,2.8,1.0,15.0,64.0,941.0,0.0,0.0
479,2019-01-20 23:59:59,2.7,1.22,4.0,63.0,941.0,0.0,0.0
480,2019-01-21 00:59:59,1.8,0.65,344.0,68.0,941.0,0.0,0.0
481,2019-01-21 01:59:59,1.8,0.63,36.0,68.0,941.0,0.0,0.0
482,2019-01-21 02:59:59,2.2,1.45,0.0,65.0,941.0,0.0,0.0
483,2019-01-21 03:59:59,2.3,1.03,359.0,63.0,941.0,0.0,0.0
484,2019-01-21 04:59:59,1.4,0.63,92.0,67.0,941.0,0.0,0.0
485,2019-01-21 05:59:59,1.0,0.58,53.0,71.0,941.0,0.0,0.0
486,2019-01-21 06:59:59,0.8,0.77,43.0,72.0,941.0,0.0,0.0
487,2019-01-21 07:59:59,1.4,1.57,14.0,68.0,942.0,0.0,0.0
488,2019-01-21 08:59:59,1.9,1.0,62.0,66.0,942.0,14.0,0.0
489,2019-01-21 09:59:59,3.1,1.82,356.0,60.0,942.0,116.0,0.0
490,2019-01-21 10:59:59,4.5,1.43,12.0,54.0,942.0,268.0,0.0
491,2019-01-21 11:59:59,5.2,2.5,12.0,50.0,943.0,404.0,0.0
492,2019-01-21 12:59:59,5.4,2.65,35.0,51.0,943.0,500.0,0.0
493,2019-01-21 13:59:59,5.9,3.88,28.0,45.0,942.0,534.0,0.0
494,2019-01-21 14:59:59,6.1,4.25,45.0,40.0,942.0,503.0,0.0
495,2019-01-21 15:59:59,6.2,3.72,39.0,38.0,942.0,412.0,0.0
496,2019-01-21 16:59:59,6.0,3.25,28.0,37.0,942.0,266.0,0.0
497,2019-01-21 17:59:59,4.9,2.88,15.0,40.0,942.0,87.0,0.0
498,2019-01-21 18:59:59,3.6,2.73,26.0,43.0,942.0,2.0,0.0
499,2019-01-21 19:59:59,2.8,2.88,26.0,46.0,943.0,0.0,0.0
500,2019-01-21 20:59:59,2.3,1.3,31.0,47.0,943.0,0.0,0.0
501,2019-01-21 21:59:59,1.9,1.55,96.0,50.0,943.0,0.0,0.0
502,2019-01-21 22:59:59,1.3,1.15,65.0,55.0,943.0,0.0,0.0
503,2019-01-21 23:59:59,0.9,0.88,59.0,59.0,943.0,0.0,0.0
504,2019-01-22 00:59:59,0.5,0.7,67.0,61.0,942.0,0.0,0.0
505,2019-01-22 01:59:59,0.1,0.55,246.0,63.0,942.0,0.0,0.0
506,2019-01-22 02:59:59,-0.1,0.67,245.0,62.0,942.0,1.0,0.0
507,2019-01-22 03:59:59,-0.1,0.7,205.0,59.0,942.0,0.0,0.0
508,2019-01-22 04:59:59,-1.2,0.48,140.0,68.0,941.0,1.0,0.0
509,2019-01-22 05:59:59,-0.7,0.68,270.0,69.0,941.0,1.0,0.0
510,2019-01-22 06:59:59,-0.3,0.5,267.0,70.0,940.0,1.0,0.0
511,2019-01-22 07:59:59,-0.2,0.78,237.0,69.0,940.0,1.0,0.0
512,2019-01-22 08:59:59,-0.1,0.52,263.0,70.0,940.0,7.0,0.0
513,2019-01-22 09:59:59,-0.9,0.68,144.0,74.0,940.0,46.0,0.0
514,2019-01-22 10:59:59,-0.6,0.63,182.0,74.0,940.0,110.0,0.0
515,2019-01-22 11:59:59,1.7,0.92,207.0,66.0,940.0,233.0,0.0
516,2019-01-22 12:59:59,3.6,2.73,278.0,59.0,940.0,322.0,0.0
517,2019-01-22 13:59:59,4.5,3.82,272.0,55.0,939.0,331.0,0.0
518,2019-01-22 14:59:59,4.6,3.78,301.0,57.0,938.0,238.0,0.0
519,2019-01-22 15:59:59,3.8,4.62,278.0,66.0,938.0,155.0,0.0
520,2019-01-22 16:59:59,3.8,3.15,253.0,71.0,937.0,115.0,0.0
521,2019-01-22 17:59:59,3.3,2.92,267.0,78.0,937.0,28.0,0.0
522,2019-01-22 18:59:59,2.5,2.3,257.0,86.0,937.0,1.0,0.1
523,2019-01-22 19:59:59,2.2,1.27,257.0,88.0,937.0,0.0,0.0
524,2019-01-22 20:59:59,2.5,1.8,249.0,86.0,937.0,1.0,0.0
525,2019-01-22 21:59:59,3.0,1.1,245.0,79.0,937.0,1.0,0.0
526,2019-01-22 22:59:59,2.7,2.12,265.0,86.0,937.0,1.0,0.0
527,2019-01-22 23:59:59,2.9,2.53,272.0,84.0,936.0,0.0,0.0
528,2019-01-23 00:59:59,3.3,2.8,274.0,73.0,936.0,1.0,0.0
529,2019-01-23 01:59:59,3.2,3.47,278.0,73.0,936.0,0.0,0.0
530,2019-01-23 02:59:59,3.3,3.9,274.0,71.0,935.0,0.0,0.0
531,2019-01-23 03:59:59,3.5,4.37,272.0,70.0,935.0,0.0,0.0
532,2019-01-23 04:59:59,3.7,4.77,263.0,69.0,935.0,0.0,0.0
533,2019-01-23 05:59:59,3.8,4.85,262.0,70.0,935.0,1.0,0.1
534,2019-01-23 06:59:59,4.1,4.83,266.0,70.0,935.0,1.0,0.0
535,2019-01-23 07:59:59,4.4,4.75,255.0,69.0,934.0,1.0,0.0
536,2019-01-23 08:59:59,5.0,5.37,254.0,67.0,934.0,32.0,0.0
537,2019-01-23 09:59:59,6.1,4.0,248.0,64.0,934.0,191.0,0.0
538,2019-01-23 10:59:59,7.4,2.72,247.0,60.0,934.0,322.0,0.0
539,2019-01-23 11:59:59,8.5,5.13,298.0,55.0,934.0,315.0,0.0
540,2019-01-23 12:59:59,9.2,5.77,287.0,54.0,934.0,505.0,0.0
541,2019-01-23 13:59:59,9.2,6.25,298.0,54.0,934.0,463.0,0.0
542,2019-01-23 14:59:59,9.6,5.87,287.0,53.0,933.0,413.0,0.0
543,2019-01-23 15:59:59,9.5,6.03,267.0,54.0,933.0,310.0,0.0
544,2019-01-23 16:59:59,9.1,6.03,278.0,55.0,933.0,137.0,0.0
545,2019-01-23 17:59:59,9.1,4.85,283.0,55.0,933.0,48.0,0.0
546,2019-01-23 18:59:59,9.1,5.42,284.0,55.0,933.0,2.0,0.0
547,2019-01-23 19:59:59,9.1,4.98,292.0,55.0,933.0,0.0,0.0
548,2019-01-23 20:59:59,9.1,4.93,284.0,54.0,933.0,0.0,0.0
549,2019-01-23 21:59:59,8.7,4.5,246.0,55.0,933.0,0.0,0.0
550,2019-01-23 22:59:59,8.5,4.48,278.0,56.0,933.0,0.0,0.0
551,2019-01-23 23:59:59,8.3,3.38,256.0,57.0,934.0,0.0,0.0
552,2019-01-24 00:59:59,8.3,1.15,298.0,56.0,934.0,0.0,0.0
553,2019-01-24 01:59:59,7.3,0.92,185.0,59.0,934.0,0.0,0.0
554,2019-01-24 02:59:59,7.1,0.77,267.0,60.0,933.0,0.0,0.0
555,2019-01-24 03:59:59,7.0,0.8,65.0,60.0,934.0,0.0,0.0
556,2019-01-24 04:59:59,6.7,0.5,142.0,62.0,934.0,0.0,0.0
557,2019-01-24 05:59:59,7.1,2.0,284.0,62.0,934.0,0.0,0.0
558,2019-01-24 06:59:59,7.3,2.72,306.0,63.0,934.0,0.0,0.0
559,2019-01-24 07:59:59,6.8,1.43,89.0,63.0,934.0,0.0,0.0
560,2019-01-24 08:59:59,6.7,1.03,106.0,63.0,935.0,22.0,0.0
561,2019-01-24 09:59:59,8.2,1.5,137.0,58.0,935.0,153.0,0.0
562,2019-01-24 10:59:59,9.4,1.72,143.0,54.0,935.0,287.0,0.0
563,2019-01-24 11:59:59,9.9,1.28,142.0,52.0,935.0,274.0,0.0
564,2019-01-24 12:59:59,11.0,0.93,263.0,49.0,936.0,209.0,0.0
565,2019-01-24 13:59:59,11.2,1.48,345.0,46.0,936.0,139.0,0.0
566,2019-01-24 14:59:59,11.5,1.28,333.0,46.0,936.0,91.0,0.0
567,2019-01-24 15:59:59,11.6,2.27,5.0,46.0,936.0,164.0,0.0
568,2019-01-24 16:59:59,11.2,2.17,12.0,49.0,936.0,158.0,0.0
569,2019-01-24 17:59:59,10.3,2.35,14.0,55.0,937.0,57.0,0.0
570,2019-01-24 18:59:59,8.8,1.83,59.0,62.0,937.0,2.0,0.0
571,2019-01-24 19:59:59,8.1,1.32,32.0,64.0,938.0,0.0,0.0
572,2019-01-24 20:59:59,7.9,1.62,48.0,65.0,938.0,1.0,0.0
573,2019-01-24 21:59:59,7.3,0.65,87.0,67.0,938.0,0.0,0.0
574,2019-01-24 22:59:59,7.3,1.33,48.0,66.0,939.0,0.0,0.0
575,2019-01-24 23:59:59,7.3,1.25,26.0,65.0,939.0,0.0,0.0
576,2019-01-25 00:59:59,7.0,1.7,37.0,66.0,939.0,0.0,0.0
577,2019-01-25 01:59:59,6.6,1.55,358.0,68.0,939.0,0.0,0.0
578,2019-01-25 02:59:59,5.9,0.95,312.0,71.0,939.0,0.0,0.0
579,2019-01-25 03:59:59,5.8,0.63,262.0,71.0,940.0,0.0,0.0
580,2019-01-25 04:59:59,5.6,0.67,67.0,72.0,940.0,0.0,0.0
581,2019-01-25 05:59:59,5.4,1.48,211.0,71.0,940.0,0.0,0.0
582,2019-01-25 06:59:59,4.9,1.57,31.0,73.0,940.0,0.0,0.0
583,2019-01-25 07:59:59,5.5,1.38,298.0,67.0,940.0,0.0,0.0
584,2019-01-25 08:59:59,6.0,0.97,311.0,64.0,941.0,15.0,0.0
585,2019-01-25 09:59:59,7.9,1.55,289.0,56.0,941.0,123.0,0.0
586,2019-01-25 10:59:59,9.4,2.4,306.0,49.0,941.0,278.0,0.0
587,2019-01-25 11:59:59,10.0,3.47,317.0,46.0,941.0,419.0,0.0
588,2019-01-25 12:59:59,10.9,3.52,0.0,41.0,942.0,511.0,0.0
589,2019-01-25 13:59:59,11.0,4.03,78.0,41.0,941.0,544.0,0.0
590,2019-01-25 14:59:59,11.9,2.67,67.0,36.0,941.0,511.0,0.0
591,2019-01-25 15:59:59,11.9,3.67,36.0,34.0,941.0,427.0,0.0
592,2019-01-25 16:59:59,11.6,2.48,31.0,33.0,941.0,285.0,0.0
593,2019-01-25 17:59:59,10.6,2.23,116.0,37.0,941.0,113.0,0.0
594,2019-01-25 18:59:59,9.1,2.47,48.0,42.0,941.0,2.0,0.0
595,2019-01-25 19:59:59,7.7,2.73,54.0,47.0,942.0,0.0,0.0
596,2019-01-25 20:59:59,6.6,3.42,48.0,54.0,942.0,0.0,0.0
597,2019-01-25 21:59:59,6.0,3.4,76.0,57.0,942.0,0.0,0.0
598,2019-01-25 22:59:59,5.5,2.75,77.0,57.0,943.0,0.0,0.0
599,2019-01-25 23:59:59,4.7,1.58,43.0,59.0,943.0,0.0,0.0
600,2019-01-26 00:59:59,4.1,1.25,39.0,63.0,943.0,0.0,0.0
601,2019-01-26 01:59:59,3.2,1.78,62.0,67.0,943.0,0.0,0.0
602,2019-01-26 02:59:59,2.3,0.68,90.0,71.0,943.0,0.0,0.0
603,2019-01-26 03:59:59,2.1,0.83,62.0,72.0,943.0,0.0,0.0
604,2019-01-26 04:59:59,2.0,0.72,59.0,74.0,943.0,0.0,0.0
605,2019-01-26 05:59:59,1.5,0.45,59.0,75.0,943.0,0.0,0.0
606,2019-01-26 06:59:59,1.1,0.47,43.0,76.0,942.0,0.0,0.0
607,2019-01-26 07:59:59,0.4,0.83,54.0,78.0,943.0,0.0,0.0
608,2019-01-26 08:59:59,0.7,0.65,31.0,76.0,943.0,18.0,0.0
609,2019-01-26 09:59:59,2.6,0.75,70.0,68.0,943.0,133.0,0.0
610,2019-01-26 10:59:59,4.3,0.68,78.0,61.0,943.0,284.0,0.0
611,2019-01-26 11:59:59,6.1,0.85,78.0,56.0,943.0,408.0,0.0
612,2019-01-26 12:59:59,7.0,1.2,203.0,54.0,943.0,489.0,0.0
613,2019-01-26 13:59:59,8.1,1.42,233.0,49.0,942.0,505.0,0.0
614,2019-01-26 14:59:59,9.1,1.53,254.0,47.0,942.0,457.0,0.0
615,2019-01-26 15:59:59,10.7,1.83,237.0,41.0,941.0,431.0,0.0
616,2019-01-26 16:59:59,9.9,2.02,257.0,44.0,941.0,229.0,0.0
617,2019-01-26 17:59:59,9.9,0.97,233.0,45.0,940.0,109.0,0.0
618,2019-01-26 18:59:59,8.7,1.1,203.0,48.0,940.0,2.0,0.0
619,2019-01-26 19:59:59,7.7,1.58,246.0,52.0,940.0,0.0,0.0
620,2019-01-26 20:59:59,6.9,1.27,272.0,55.0,940.0,0.0,0.0
621,2019-01-26 21:59:59,6.0,0.78,225.0,58.0,940.0,0.0,0.0
622,2019-01-26 22:59:59,5.3,1.17,263.0,61.0,940.0,0.0,0.0
623,2019-01-26 23:59:59,4.6,1.57,274.0,65.0,939.0,0.0,0.0
624,2019-01-27 00:59:59,3.6,1.33,273.0,69.0,939.0,0.0,0.0
625,2019-01-27 01:59:59,3.4,1.85,263.0,71.0,939.0,0.0,0.0
626,2019-01-27 02:59:59,3.2,1.32,278.0,73.0,939.0,0.0,0.0
627,2019-01-27 03:59:59,2.8,0.88,263.0,76.0,938.0,0.0,0.0
628,2019-01-27 04:59:59,2.1,0.63,337.0,78.0,938.0,0.0,0.0
629,2019-01-27 05:59:59,1.1,0.45,175.0,80.0,938.0,0.0,0.0
630,2019-01-27 06:59:59,2.4,0.68,233.0,70.0,937.0,0.0,0.0
631,2019-01-27 07:59:59,4.0,2.0,300.0,63.0,937.0,0.0,0.0
632,2019-01-27 08:59:59,5.2,3.13,263.0,61.0,937.0,17.0,0.0
633,2019-01-27 09:59:59,5.9,4.35,265.0,59.0,938.0,148.0,0.0
634,2019-01-27 10:59:59,6.3,3.7,337.0,55.0,938.0,311.0,0.0
635,2019-01-27 11:59:59,5.8,3.48,299.0,54.0,939.0,238.0,0.0
636,2019-01-27 12:59:59,7.7,2.33,299.0,44.0,939.0,521.0,0.0
637,2019-01-27 13:59:59,8.3,3.38,344.0,32.0,939.0,561.0,0.0
638,2019-01-27 14:59:59,8.9,2.57,245.0,35.0,939.0,518.0,0.0
639,2019-01-27 15:59:59,9.2,2.95,280.0,34.0,939.0,429.0,0.0
640,2019-01-27 16:59:59,8.5,3.73,281.0,34.0,939.0,241.0,0.0
641,2019-01-27 17:59:59,7.5,3.83,277.0,38.0,939.0,99.0,0.0
642,2019-01-27 18:59:59,6.3,2.82,286.0,43.0,939.0,2.0,0.0
643,2019-01-27 19:59:59,5.8,2.88,290.0,47.0,940.0,0.0,0.0
644,2019-01-27 20:59:59,5.3,3.53,285.0,51.0,940.0,0.0,0.0
645,2019-01-27 21:59:59,4.9,3.82,263.0,53.0,940.0,0.0,0.0
646,2019-01-27 22:59:59,4.1,3.27,284.0,55.0,940.0,0.0,0.0
647,2019-01-27 23:59:59,3.6,2.67,283.0,54.0,940.0,0.0,0.0
648,2019-01-28 00:59:59,3.5,2.4,307.0,53.0,940.0,0.0,0.0
649,2019-01-28 01:59:59,3.1,1.25,278.0,54.0,940.0,0.0,0.0
650,2019-01-28 02:59:59,2.9,1.35,298.0,53.0,940.0,0.0,0.0
651,2019-01-28 03:59:59,2.6,0.62,263.0,52.0,940.0,0.0,0.0
652,2019-01-28 04:59:59,2.8,1.27,342.0,49.0,940.0,0.0,0.0
653,2019-01-28 05:59:59,2.6,1.25,267.0,54.0,940.0,0.0,0.0
654,2019-01-28 06:59:59,2.5,2.68,262.0,57.0,940.0,0.0,0.0
655,2019-01-28 07:59:59,2.0,2.47,274.0,58.0,940.0,0.0,0.0
656,2019-01-28 08:59:59,1.9,2.22,255.0,64.0,940.0,21.0,0.0
657,2019-01-28 09:59:59,2.9,2.87,257.0,62.0,940.0,128.0,0.0
658,2019-01-28 10:59:59,4.4,2.6,246.0,60.0,940.0,289.0,0.0
659,2019-01-28 11:59:59,7.1,2.57,262.0,53.0,940.0,399.0,0.0
660,2019-01-28 12:59:59,8.2,3.55,263.0,48.0,940.0,385.0,0.0
661,2019-01-28 13:59:59,9.5,3.95,293.0,43.0,939.0,531.0,0.0
662,2019-01-28 14:59:59,10.2,3.92,259.0,43.0,939.0,519.0,0.0
663,2019-01-28 15:59:59,10.1,5.47,264.0,42.0,939.0,418.0,0.0
664,2019-01-28 16:59:59,10.0,5.48,295.0,41.0,939.0,311.0,0.0
665,2019-01-28 17:59:59,9.6,4.15,287.0,42.0,939.0,132.0,0.0
666,2019-01-28 18:59:59,8.5,2.48,286.0,48.0,939.0,3.0,0.0
667,2019-01-28 19:59:59,7.6,3.78,281.0,56.0,940.0,0.0,0.0
668,2019-01-28 20:59:59,7.4,3.52,271.0,54.0,940.0,0.0,0.0
669,2019-01-28 21:59:59,6.9,3.18,293.0,52.0,940.0,0.0,0.0
670,2019-01-28 22:59:59,6.2,3.72,298.0,50.0,940.0,0.0,0.0
671,2019-01-28 23:59:59,5.5,3.6,285.0,53.0,940.0,0.0,0.0
672,2019-01-29 00:59:59,4.7,3.13,284.0,57.0,940.0,0.0,0.0
673,2019-01-29 01:59:59,4.0,3.07,308.0,61.0,940.0,0.0,0.0
674,2019-01-29 02:59:59,3.4,3.03,284.0,64.0,940.0,0.0,0.0
675,2019-01-29 03:59:59,3.1,2.03,300.0,64.0,940.0,0.0,0.0
676,2019-01-29 04:59:59,3.1,1.9,308.0,62.0,940.0,0.0,0.0
677,2019-01-29 05:59:59,3.0,1.62,268.0,61.0,940.0,0.0,0.0
678,2019-01-29 06:59:59,3.1,3.22,278.0,61.0,939.0,0.0,0.0
679,2019-01-29 07:59:59,2.6,2.32,263.0,64.0,939.0,1.0,0.0
680,2019-01-29 08:59:59,2.6,2.2,267.0,69.0,939.0,11.0,0.0
681,2019-01-29 09:59:59,4.3,2.7,274.0,66.0,939.0,107.0,0.0
682,2019-01-29 10:59:59,4.1,2.63,248.0,67.0,939.0,143.0,0.0
683,2019-01-29 11:59:59,4.8,2.77,252.0,68.0,938.0,211.0,0.0
684,2019-01-29 12:59:59,4.9,3.82,246.0,70.0,938.0,330.0,0.0
685,2019-01-29 13:59:59,6.9,3.45,263.0,60.0,937.0,438.0,0.0
686,2019-01-29 14:59:59,7.6,3.85,262.0,58.0,937.0,283.0,0.0
687,2019-01-29 15:59:59,6.2,3.42,254.0,70.0,936.0,66.0,0.0
688,2019-01-29 16:59:59,6.8,3.67,251.0,67.0,936.0,79.0,0.0
689,2019-01-29 17:59:59,6.8,4.13,255.0,68.0,936.0,48.0,0.0
690,2019-01-29 18:59:59,6.3,3.6,260.0,73.0,935.0,3.0,0.0
691,2019-01-29 19:59:59,6.5,3.95,261.0,70.0,936.0,2.0,0.0
692,2019-01-29 20:59:59,7.4,3.75,274.0,55.0,936.0,0.0,0.0
693,2019-01-29 21:59:59,6.4,4.37,267.0,51.0,937.0,0.0,0.0
694,2019-01-29 22:59:59,5.5,5.02,298.0,51.0,937.0,0.0,0.0
695,2019-01-29 23:59:59,4.8,3.82,298.0,53.0,937.0,0.0,0.0
696,2019-01-30 00:59:59,4.1,2.17,289.0,55.0,937.0,0.0,0.0
697,2019-01-30 01:59:59,3.7,2.33,272.0,54.0,937.0,1.0,0.0
698,2019-01-30 02:59:59,3.5,3.3,285.0,55.0,937.0,1.0,0.0
699,2019-01-30 03:59:59,3.1,2.88,256.0,59.0,937.0,1.0,0.0
700,2019-01-30 04:59:59,2.9,3.87,307.0,59.0,937.0,1.0,0.0
701,2019-01-30 05:59:59,2.5,2.58,292.0,62.0,937.0,0.0,0.0
702,2019-01-30 06:59:59,2.2,3.53,253.0,62.0,937.0,1.0,0.0
703,2019-01-30 07:59:59,1.9,2.88,263.0,62.0,937.0,0.0,0.0
704,2019-01-30 08:59:59,2.0,2.22,277.0,60.0,937.0,21.0,0.0
705,2019-01-30 09:59:59,3.4,2.22,237.0,54.0,937.0,139.0,0.0
706,2019-01-30 10:59:59,4.2,2.77,261.0,50.0,937.0,312.0,0.0
707,2019-01-30 11:59:59,4.8,3.23,292.0,45.0,937.0,411.0,0.0
708,2019-01-30 12:59:59,5.2,4.02,261.0,43.0,937.0,515.0,0.0
709,2019-01-30 13:59:59,6.0,3.52,257.0,39.0,936.0,513.0,0.0
710,2019-01-30 14:59:59,7.5,3.4,263.0,32.0,936.0,523.0,0.0
711,2019-01-30 15:59:59,6.2,3.68,247.0,40.0,935.0,202.0,0.0
712,2019-01-30 16:59:59,5.8,3.67,254.0,41.0,935.0,111.0,0.0
713,2019-01-30 17:59:59,5.5,3.75,256.0,47.0,935.0,45.0,0.0
714,2019-01-30 18:59:59,4.2,4.0,253.0,63.0,935.0,3.0,0.0
715,2019-01-30 19:59:59,3.1,3.9,263.0,83.0,935.0,1.0,0.0
716,2019-01-30 20:59:59,2.8,3.22,249.0,93.0,934.0,1.0,1.0
717,2019-01-30 21:59:59,2.9,3.37,237.0,97.0,933.0,2.0,0.9
718,2019-01-30 22:59:59,2.9,2.75,253.0,98.0,933.0,2.0,1.2
719,2019-01-30 23:59:59,3.1,2.98,257.0,99.0,933.0,2.0,0.6
720,2019-01-31 00:59:59,3.4,3.37,244.0,100.0,932.0,2.0,0.4
721,2019-01-31 01:59:59,3.8,3.53,234.0,100.0,932.0,2.0,0.1
722,2019-01-31 02:59:59,4.2,3.82,245.0,100.0,931.0,2.0,0.1
723,2019-01-31 03:59:59,4.8,4.03,248.0,100.0,931.0,2.0,0.0
724,2019-01-31 04:59:59,5.3,3.75,257.0,98.0,931.0,2.0,0.0
725,2019-01-31 05:59:59,6.0,3.75,256.0,97.0,931.0,3.0,0.0
726,2019-01-31 06:59:59,6.2,4.15,254.0,97.0,931.0,2.0,0.0
727,2019-01-31 07:59:59,6.3,3.4,250.0,95.0,930.0,2.0,0.0
728,2019-01-31 08:59:59,6.3,3.65,254.0,93.0,931.0,9.0,0.0
729,2019-01-31 09:59:59,6.2,3.92,248.0,90.0,931.0,30.0,0.0
730,2019-01-31 10:59:59,6.4,4.65,258.0,91.0,931.0,90.0,0.0
731,2019-01-31 11:59:59,7.0,6.05,245.0,87.0,931.0,321.0,0.0
732,2019-01-31 12:59:59,8.0,6.15,262.0,80.0,931.0,337.0,0.0
733,2019-01-31 13:59:59,8.1,6.13,261.0,82.0,931.0,256.0,0.0
734,2019-01-31 14:59:59,8.4,6.73,253.0,81.0,930.0,322.0,0.0
735,2019-01-31 15:59:59,8.3,6.85,263.0,83.0,930.0,219.0,0.0
736,2019-01-31 16:59:59,8.2,6.82,254.0,84.0,930.0,93.0,0.0
737,2019-01-31 17:59:59,8.2,5.93,246.0,83.0,929.0,39.0,0.0
738,2019-01-31 18:59:59,7.9,5.4,263.0,82.0,929.0,4.0,0.0
739,2019-01-31 19:59:59,7.6,5.27,237.0,86.0,929.0,2.0,0.0
740,2019-01-31 20:59:59,7.3,5.28,241.0,85.0,929.0,2.0,0.0
741,2019-01-31 21:59:59,6.7,4.8,246.0,88.0,928.0,2.0,0.0
742,2019-01-31 22:59:59,5.9,2.97,248.0,98.0,928.0,2.0,1.1
743,2019-01-31 23:59:59,5.8,2.97,206.0,99.0,927.0,2.0,0.4